{
  "configVersion": 1,
  "timestamp": 1766669994883,
  "index": "/index.html",
  "assetGroups": [
    {
      "name": "app",
      "installMode": "prefetch",
      "updateMode": "prefetch",
      "cacheQueryOptions": {
        "ignoreVary": true
      },
      "urls": [
        "/favicon.ico",
        "/index.html",
        "/main.13c8d15848b17dc1.js",
        "/manifest.webmanifest",
        "/polyfills.0db2953f3f3f9f82.js",
        "/runtime.3186effd3ea9a198.js",
        "/styles.6507e0fc35322572.css"
      ],
      "patterns": []
    },
    {
      "name": "assets",
      "installMode": "lazy",
      "updateMode": "prefetch",
      "cacheQueryOptions": {
        "ignoreVary": true
      },
      "urls": [
        "/assets/icons/icon-128x128.png",
        "/assets/icons/icon-144x144.png",
        "/assets/icons/icon-152x152.png",
        "/assets/icons/icon-192x192.png",
        "/assets/icons/icon-384x384.png",
        "/assets/icons/icon-512x512.png",
        "/assets/icons/icon-72x72.png",
        "/assets/icons/icon-96x96.png"
      ],
      "patterns": []
    }
  ],
  "dataGroups": [],
  "hashTable": {
    "/assets/icons/icon-128x128.png": "b1f06c7d714abb4a0cc4d1f7c954feb26826e4c4",
    "/assets/icons/icon-144x144.png": "96a0d629765c1bc85d9263c6bc83094ca776d267",
    "/assets/icons/icon-152x152.png": "b1fbbee3902eb96a7658e3bb006f31f78ca5a44c",
    "/assets/icons/icon-192x192.png": "e4211163bf0911688fbfb80278d8ff4d2f77691d",
    "/assets/icons/icon-384x384.png": "329749cd6393768d3131ed6304c136b1ca05f2fd",
    "/assets/icons/icon-512x512.png": "559d9c4318b45a1f2b10596bbb4c960fe521dbcc",
    "/assets/icons/icon-72x72.png": "279825a1ac4377032ae996a1832c641e33ccf1b6",
    "/assets/icons/icon-96x96.png": "592885efcbfee27e5e20be4fa3043589390d2740",
    "/favicon.ico": "22f6a4a3bcaafafb0254e0f2fa4ceb89e505e8b2",
    "/index.html": "8ece891d069d8a8329f4aaf3875eeab0a2d65504",
    "/main.13c8d15848b17dc1.js": "280ddfcec14ee6927f5b86f187b5fdc43e403bbc",
    "/manifest.webmanifest": "e4ae91584269309a363e57c043c80389d3a8e33c",
    "/polyfills.0db2953f3f3f9f82.js": "37a93f9a1f196b23ea93177d8ad00b0304023ef6",
    "/runtime.3186effd3ea9a198.js": "d637616c7b8511dd2c6db7e445f5225373184127",
    "/styles.6507e0fc35322572.css": "1c428c356d3ad7dd744d877cb29ee6f7ce441188"
  },
  "navigationUrls": [
    {
      "positive": true,
      "regex": "^\\/.*$"
    },
    {
      "positive": false,
      "regex": "^\\/(?:.+\\/)?[^/]*\\.[^/]*$"
    },
    {
      "positive": false,
      "regex": "^\\/(?:.+\\/)?[^/]*__[^/]*$"
    },
    {
      "positive": false,
      "regex": "^\\/(?:.+\\/)?[^/]*__[^/]*\\/.*$"
    }
  ],
  "navigationRequestStrategy": "performance"
}